No,"Nama Pelanggan","Nomor HP","Nomor Polisi (Plat)"
1,Sudirman,082277034546,"B 123 AD"
2,Danil,082163444129,"BL 123 AD"
3,"Bpk. Andi",081234567890,"B 1234 ABC"
4,"Ibu Ratna",081298765432,"D 5678 DEF"
5,"Bpk. Budi Santoso",085712349876,"F 9012 GHI"
6,"Mas Dimas",081345678901,"B 3456 JKL"
7,"Mbak Sari",081912345678,"A 7890 MNO"
8,"Bpk. Anton",082123456789,"B 2345 PQR"
9,"Ibu Ningsih",085612345678,"D 6789 STU"
10,"Bpk. Wahyu",081198765432,"F 1234 VWX"
11,"Kak Rina",087812349876,"B 5678 YZA"
12,"Bpk. Joko",081545678901,"A 9012 BCD"
13,Jems,089900998989,BL12ABD
